customer_id,name,city
1,Tammy Houston,Ashleestad
2,Randall Navarro,Buckleyshire
3,Jose Yang,Tanyaville
4,Todd Fisher,Kellyshire
5,Kathryn Moore,Sandraside
6,Gregory Vasquez,Martinshire
7,Michelle Weber,New Brittneystad
8,James Hogan,Whiteville
9,Nathan Cook,Lake Jeanettemouth
10,Claire Hall,North Stacy
11,Brooke Hart,Millerside
12,Patrick Trujillo,Meyerside
13,Patrick Bell,South Christopher
14,Michelle Phillips,Rachelton
15,Brittany Stevenson,East Valerietown
16,Mark Henderson,Julieside
17,Eddie Miller,Christopherberg
18,Ana Thomas,Cherylview
19,Brian Roth,Rebeccaside
20,David Marquez,Weberborough
21,Kaitlyn Foster,Deleonton
22,Christine Williams,Holderborough
23,Suzanne Carey,New Jakeport
24,Michelle Massey,South Tyler
25,Chad Kane,East Laura
26,Matthew Olson,Griffithfort
27,Kirk Tucker,Dariusfurt
28,Margaret Johnson,Alexandermouth
29,Jessica Taylor,Samueltown
30,Denise Walker,Lake Laura
31,Daniel Rojas,Colleenburgh
32,Ms. Anita Klein,Smithchester
33,Andrew Gibbs,Port Nathan
34,Joshua Allen,Amyburgh
35,Mrs. Samantha Matthews,Delacruzborough
36,Michael Boyer,South Paigemouth
37,Jacqueline Nelson,Christinestad
38,Thomas Werner,Davenportfort
39,Christine Bass,South Danielle
40,Thomas Morton,Christophermouth
41,James Jackson,New Josephmouth
42,Michael Salas,Lake Steven
43,Darrell Rodriguez,Christophermouth
44,David Watkins,Hernandezland
45,Mr. Christopher Gomez PhD,Port Kurt
46,Ms. Jennifer Lewis DVM,New Victor
47,William Stephens,Brownport
48,Reginald Benson,South Shannon
49,Robert Anderson,Port Joshua
50,Donna Munoz,Gregoryside
51,Brandy Parks,West Ronaldhaven
52,Timothy Foster,Karenborough
53,Chase Pierce,East Carlview
54,Jennifer Collier,South Shawn
55,Brenda Benson,Medinashire
56,Ronnie Johnson,New Gregorystad
57,Chelsea Murray,Kimberlyfurt
58,Joseph Miller,Elizabethhaven
59,John Dodson,North Marystad
60,Francisco Evans,Lake Jerrystad
61,Kevin Turner,Kleinville
62,Jeremy Stewart,Hendersonborough
63,Richard Brown,South Paul
64,David Bonilla,Archerton
65,Kyle Parker,South Andreatown
66,Briana Richards,North Jamesport
67,William Wade,Shirleyburgh
68,Alan Miller,West Stacey
69,Thomas Williams,Brendafurt
70,Richard Lee,North Richard
71,Joy Jackson,South Mary
72,Alan Mcdaniel,Henrychester
73,Shirley Thomas,Ianburgh
74,Holly Carlson,Keithberg
75,Samantha Ryan,Ianside
76,Cheryl Gonzalez,Juliefort
77,Nicholas Sanchez,Maryhaven
78,Lance Duffy,Susanberg
79,Erin Barker,Lake Timothy
80,Kevin Daniels,Beckerfort
81,Michelle Cobb,Lake Tammy
82,Darrell Keith,Port Shawn
83,Shelby Liu,New Allen
84,Traci Macdonald,Castrobury
85,Richard Li,Port Margaret
86,Chad Gonzales,North Nicholasside
87,Shawn Williams,Scottland
88,Megan Brooks,Clarkberg
89,Stacey Baker,North Charlene
90,Evan Baker,Lake Alexandraview
91,Jesse Morris,Justinfort
92,Robin Dunn,Christopherfurt
93,Robert Rodriguez,Lake Jesusstad
94,Amanda Young,East Kristinachester
95,Anthony Wade,Ellisonburgh
96,Annette Garcia,West Allisonmouth
97,Robert Knox,Port Dianestad
98,Robert Powers,Coreymouth
99,Allison Walton,North Makaylamouth
100,Christopher Fox,Craigberg
